--
/* Ta skript:
1. pobriše bazo podatkov PIIS201819 ter kreira novo
2. pobriše uporabnika 'PIIS201819'@'localhost' in ga na novo kreira. Določi mu veliko privilegijev!
3. usmeri vse nadaljnje akcije na bazo PIIS201819
4. pobriše vse tabele
5. pobriše proceduro DODAJ_KUPCA in jo na novo kreira
6. kreira tabele ter jih napolni s podatki
7. kreira indekse, primarne in tuje ključe

Avtor: red. prof. dr. Robert Leskovar
Datum: 16.2.2019
Testirano na VM swqlab2018VS; FM N751
*/
--
-- Baza podatkov: PIIS201819 - brisanje
DROP DATABASE  IF EXISTS PIIS201819;
-- Baza podatkov: PIIS201819 - kreiranje
CREATE DATABASE PIIS201819  CHARACTER SET UTF8 COLLATE utf8_slovenian_ci;
--
--
-- uporabnik PIIS201819'@'localhost - brisanje
DROP USER IF EXISTS 'PIIS201819'@'localhost';
-- uporabnik PIIS201819'@'localhost - dodajanje
CREATE USER 'PIIS201819'@'localhost' IDENTIFIED BY 'PiIs-201819';
-- uporabnik PIIS201819'@'localhost - dolocitev privilegijev
GRANT SELECT, INSERT, UPDATE, DELETE, CREATE, DROP, INDEX, ALTER, CREATE TEMPORARY TABLES, CREATE VIEW, EVENT, TRIGGER, SHOW VIEW, CREATE ROUTINE, ALTER ROUTINE, EXECUTE ON  PIIS201819.* TO 'PIIS201819'@'localhost' ;
--
--
-- Baza podatkov: PIIS201819 - uporaba
USE PIIS201819;
--
-- to je samo demo uporabe php v terminalu
-- php -r "echo password_hash(\"PIIS201819\", PASSWORD_DEFAULT);"
-- $2y$10$7c5HeBTVOyC1QuESx62A2ual9b67RC4iKQ4srwdD0pc6nNIN02/JW
--

-- brisanje tabel
DROP TABLE  IF EXISTS OPIS_IZDELKA;
DROP TABLE  IF EXISTS VRSTICA_OBRACUNA;
DROP TABLE  IF EXISTS DELOVNI_NALOG;
DROP TABLE  IF EXISTS IZDELEK_OPERACIJA;
DROP TABLE  IF EXISTS OPERACIJA;
DROP TABLE  IF EXISTS VRSTICA_NAROCILA;
DROP TABLE  IF EXISTS NAROCILO;
DROP TABLE  IF EXISTS DELAVEC;
DROP TABLE  IF EXISTS KUPEC;
DROP TABLE  IF EXISTS STRUKTURA;
DROP TABLE  IF EXISTS IZDELEK;

-- brisanje demo procedure DODAJ_KUPCA
DROP  PROCEDURE  IF EXISTS DODAJ_KUPCA;

-- kreiranje demo procedure DODAJ_KUPCA
DELIMITER $$
--
-- Procedures
--
CREATE DEFINER=`PIIS201819`@`localhost` PROCEDURE DODAJ_KUPCA (IN XKUPEC_ID NUMERIC (10), IN XNAZIV VARCHAR(50), IN XDDV_ID VARCHAR(15))  BEGIN 
  INSERT INTO KUPEC (KUPEC_ID,NAZIV, DDV_ID) VALUES (XKUPEC_ID,XNAZIV, XDDV_ID); 
END$$

DELIMITER ;

-- klic procedure v SQL npr. v phpmyadmin>SQL
-- call DODAJ_KUPCA(999,'Kekčeve ukane & teta Pehta s.p.',999);
-- --------------------------------------------------------

--
-- Struktura tabele `DELAVEC`
--
CREATE TABLE DELAVEC 
( DELAVEC_ID NUMERIC (10) NOT NULL, 
PRIIMEK VARCHAR(30) NOT NULL, 
IME VARCHAR(30) NOT NULL, 
MINUT_V_IZMENI NUMERIC (5,2) DEFAULT 450 NOT NULL, 
MINUT_PRIZNANO_DODATNO NUMERIC (5,2) DEFAULT 24 NOT NULL, 
MINUT_PREOSTALI_CAS NUMERIC (5,2) DEFAULT 426 NOT NULL,
VODJA_ID NUMERIC (10),
UPORABNISKO_IME VARCHAR(50) NOT NULL, 
GESLO VARCHAR (256)   NOT NULL, 
ZETON VARCHAR (256)  DEFAULT 'PIIS201819' NOT NULL,
E_MAIL VARCHAR (50),
JE_ADMIN BIT (1),
JE_DELAVEC BIT (1),
JE_DIREKTOR BIT (1),
JE_VODJA_PROIZ BIT (1),
JE_PRAZNO2 BIT (1),
JE_PRAZNO3 BIT (1),
JE_PRAZNO4 BIT (1)) 
ENGINE=InnoDB DEFAULT CHARSET=utf8 COLLATE=utf8_slovenian_ci;

--
-- Dumping data for table `DELAVEC`
--

INSERT INTO `DELAVEC` (`DELAVEC_ID`, `PRIIMEK`, `IME`, `MINUT_V_IZMENI`, `MINUT_PRIZNANO_DODATNO`, `MINUT_PREOSTALI_CAS`, `UPORABNISKO_IME`, `VODJA_ID`, `GESLO`, `JE_ADMIN`, `JE_DELAVEC`, `JE_DIREKTOR`, JE_VODJA_PROIZ) VALUES
(10, 'NOVAK', 'LUKA', '450.00', '24.00', '426.00', '41058010', NULL, '$2y$10$7c5HeBTVOyC1QuESx62A2ual9b67RC4iKQ4srwdD0pc6nNIN02/JW',B'1',B'1',B'1',B'1'),
(20, 'HORVAT', 'SARA', '450.00', '24.00', '426.00', '41058020', 10, '$2y$10$7c5HeBTVOyC1QuESx62A2ual9b67RC4iKQ4srwdD0pc6nNIN02/JW',B'0',B'1',B'0',B'1'),
(30, 'KOVAČIČ', 'NIKA', '450.00', '24.00', '426.00', '41058030', 10, '$2y$10$7c5HeBTVOyC1QuESx62A2ual9b67RC4iKQ4srwdD0pc6nNIN02/JW',B'0',B'1',B'0',B'0'),
(40, 'KRAJNC', 'ŽIGA', '450.00', '24.00', '426.00', '41058040', 20, '$2y$10$7c5HeBTVOyC1QuESx62A2ual9b67RC4iKQ4srwdD0pc6nNIN02/JW',B'0',B'1',B'0',B'0'),
(50, 'ZUPANČIČ', 'JAKA', '450.00', '24.00', '426.00', '41058050', 20, '$2y$10$7c5HeBTVOyC1QuESx62A2ual9b67RC4iKQ4srwdD0pc6nNIN02/JW',B'0',B'1',B'0',B'0'),
(60, 'POTOČNIK', 'NINA', '450.00', '24.00', '426.00', '41058060', 20, '$2y$10$7c5HeBTVOyC1QuESx62A2ual9b67RC4iKQ4srwdD0pc6nNIN02/JW',B'0',B'1',B'0',B'0'),
(70, 'KOVAČ', 'ANŽE', '450.00', '24.00', '426.00', '41058070', 20, '$2y$10$7c5HeBTVOyC1QuESx62A2ual9b67RC4iKQ4srwdD0pc6nNIN02/JW',B'0',B'1',B'0',B'0'),
(80, 'MLAKAR', 'MIHA', '450.00', '24.00', '426.00', '41058080', 50, '$2y$10$7c5HeBTVOyC1QuESx62A2ual9b67RC4iKQ4srwdD0pc6nNIN02/JW',B'0',B'1',B'0',B'0'),
(90, 'KOS', 'JULIJA', '450.00', '24.00', '426.00', '41058090', 50, '$2y$10$7c5HeBTVOyC1QuESx62A2ual9b67RC4iKQ4srwdD0pc6nNIN02/JW',B'0',B'1',B'0',B'0'),
(100, 'VIDMAR', 'EMA', '450.00', '24.00', '426.00', '41058100', 50, '$2y$10$7c5HeBTVOyC1QuESx62A2ual9b67RC4iKQ4srwdD0pc6nNIN02/JW',B'0',B'1',B'0',B'0'),
(110, 'GOLOB', 'JAN', '450.00', '24.00', '426.00', '41058110', 50, '$2y$10$7c5HeBTVOyC1QuESx62A2ual9b67RC4iKQ4srwdD0pc6nNIN02/JW',B'0',B'1',B'0',B'0'),
(120, 'KRALJ', 'TOM', '450.00', '24.00', '426.00', '41058120', 50, '$2y$10$7c5HeBTVOyC1QuESx62A2ual9b67RC4iKQ4srwdD0pc6nNIN02/JW',B'0',B'1',B'0',B'0'),
(130, 'BOŽIČ', 'GAŠPER', '450.00', '24.00', '426.00', '41058130', 50, '$2y$10$7c5HeBTVOyC1QuESx62A2ual9b67RC4iKQ4srwdD0pc6nNIN02/JW',B'0',B'1',B'0',B'0'),
(140, 'KOROŠEC', 'MITJA', '450.00', '24.00', '426.00', '41058140', 20, '$2y$10$7c5HeBTVOyC1QuESx62A2ual9b67RC4iKQ4srwdD0pc6nNIN02/JW',B'0',B'1',B'0',B'0'),
(150, 'ZUPAN', 'SONJA', '450.00', '24.00', '426.00', '41058150', 20, '$2y$10$7c5HeBTVOyC1QuESx62A2ual9b67RC4iKQ4srwdD0pc6nNIN02/JW',B'0',B'1',B'0',B'0');
-- SELECT * FROM `DELAVEC` WHERE `JE_ADMIN`= 1; 
-- SELECT * FROM `DELAVEC` WHERE `JE_DIREKTOR`= 1;  
-- SELECT * FROM `DELAVEC` WHERE `JE_VODJA_PROIZ`= 1;
-- SELECT * FROM `DELAVEC` WHERE `JE_DELAVEC`= 1;
-- --------------------------------------------------------

--
-- Table structure for table `DELOVNI_NALOG`
--

CREATE TABLE `DELOVNI_NALOG` (
  `DELOVNI_NALOG_ID` NUMERIC (10) NOT NULL,
  `KUPEC_ID` NUMERIC (10) NOT NULL,
  `OPERACIJA_ID` NUMERIC (10) NOT NULL,
  `STEVILO_OPERACIJ` NUMERIC (10) NOT NULL,
  `DATUM_LANSIRANJA` datetime NOT NULL,
  `STATUS_DN` varchar(10) COLLATE utf8_slovenian_ci DEFAULT NULL
) ENGINE=InnoDB DEFAULT CHARSET=utf8 COLLATE=utf8_slovenian_ci;

--
-- Dumping data for table `DELOVNI_NALOG`
--

INSERT INTO `DELOVNI_NALOG` (`DELOVNI_NALOG_ID`, `KUPEC_ID`, `OPERACIJA_ID`, `STEVILO_OPERACIJ`, `DATUM_LANSIRANJA`, `STATUS_DN`) VALUES
(1, 20, 10, 11804, '2015-11-02 00:00:00', 'ZAKLJUČEN'),
(2, 21, 20, 11361, '2015-11-03 00:00:00', 'ZAKLJUČEN'),
(3, 60, 30, 9380, '2015-11-04 00:00:00', 'ZAKLJUČEN'),
(4, 107, 10, 9120, '2015-11-05 00:00:00', 'ZAKLJUČEN'),
(5, 135, 20, 513, '2015-11-06 00:00:00', 'ZAKLJUČEN'),
(6, 235, 30, 2843, '2015-11-09 00:00:00', 'ZAKLJUČEN'),
(7, 547, 10, 17074, '2015-11-10 00:00:00', 'ZAKLJUČEN'),
(8, 592, 20, 10717, '2015-11-11 00:00:00', 'ZAKLJUČEN'),
(9, 20, 30, 3417, '2015-11-12 00:00:00', 'ZAKLJUČEN'),
(10, 21, 10, 3789, '2015-11-13 00:00:00', 'ZAKLJUČEN'),
(11, 60, 20, 7223, '2015-11-16 00:00:00', 'ZAKLJUČEN'),
(12, 107, 30, 16084, '2015-11-17 00:00:00', 'ZAKLJUČEN'),
(13, 135, 10, 17645, '2015-11-18 00:00:00', 'ZAKLJUČEN'),
(14, 235, 20, 18141, '2015-11-19 00:00:00', 'ZAKLJUČEN'),
(15, 547, 30, 19922, '2015-11-20 00:00:00', 'ZAKLJUČEN'),
(16, 592, 10, 957, '2015-11-23 00:00:00', 'ZAKLJUČEN'),
(17, 20, 20, 1028, '2015-11-24 00:00:00', 'ZAKLJUČEN'),
(18, 21, 30, 18999, '2015-11-25 00:00:00', 'ZAKLJUČEN'),
(19, 60, 10, 13395, '2015-11-26 00:00:00', 'ZAKLJUČEN'),
(20, 107, 20, 17433, '2015-11-27 00:00:00', 'ZAKLJUČEN');

-- --------------------------------------------------------

--
-- Table structure for table `IZDELEK`
--

CREATE TABLE `IZDELEK` (
  `IPS` varchar(12) COLLATE utf8_slovenian_ci NOT NULL,
  `NAZIV` varchar(50) COLLATE utf8_slovenian_ci DEFAULT NULL,
  `PL_CENA` decimal(38,2) DEFAULT NULL,
  `ENM` varchar(5) COLLATE utf8_slovenian_ci DEFAULT NULL,
  `ZALOGA` decimal(38,2) DEFAULT NULL,
  `OZN` varchar(3) COLLATE utf8_slovenian_ci DEFAULT NULL,
  `LPE` varchar(5) COLLATE utf8_slovenian_ci DEFAULT NULL,
  `ND` varchar(2) COLLATE utf8_slovenian_ci DEFAULT NULL,
  `DATUM_ZALOG` datetime DEFAULT NULL,
  `VGRAD` int(11) DEFAULT NULL
) ENGINE=InnoDB DEFAULT CHARSET=utf8 COLLATE=utf8_slovenian_ci;

--
-- Dumping data for table `IZDELEK`
--

INSERT INTO `IZDELEK` (`IPS`, `NAZIV`, `PL_CENA`, `ENM`, `ZALOGA`, `OZN`, `LPE`, `ND`, `DATUM_ZALOG`, `VGRAD`) VALUES
('A1', 'A1', '115.00', 'KOS', '100.00', 'RL', 'RL', '1', '2016-12-12 00:00:00', 1),
('A10', 'A10', '1.00', 'KOS', '109.00', 'RL', 'RL', '10', '2016-12-21 00:00:00', 1),
('A11', 'A11', '1.00', 'KOS', '110.00', 'RL', 'RL', '11', '2016-12-22 00:00:00', 1),
('A12', 'A12', '1.00', 'KOS', '111.00', 'RL', 'RL', '12', '2016-12-23 00:00:00', 1),
('A13', 'A13', '1.00', 'KOS', '112.00', 'RL', 'RL', '13', '2016-12-24 00:00:00', 1),
('A14', 'A14', '1.00', 'KOS', '113.00', 'RL', 'RL', '14', '2016-12-25 00:00:00', 1),
('A15', 'A15', '1.00', 'KOS', '114.00', 'RL', 'RL', '15', '2016-12-26 00:00:00', 1),
('A16', 'A16', '1.00', 'KOS', '115.00', 'RL', 'RL', '16', '2016-12-27 00:00:00', 1),
('A17', 'A17', '1.00', 'KOS', '116.00', 'RL', 'RL', '17', '2016-12-28 00:00:00', 1),
('A18', 'A18', '1.00', 'KOS', '117.00', 'RL', 'RL', '18', '2016-12-29 00:00:00', 1),
('A19', 'A19', '1.00', 'KOS', '118.00', 'RL', 'RL', '19', '2016-12-30 00:00:00', 1),
('A2', 'A2', '94.00', 'KOS', '101.00', 'RL', 'RL', '2', '2016-12-13 00:00:00', 1),
('A20', 'A20', '1.50', 'KOS', '119.00', 'RL', 'RL', '20', '2016-12-31 00:00:00', 1),
('A3', 'A3', '9.00', 'KOS', '102.00', 'RL', 'RL', '3', '2016-12-14 00:00:00', 1),
('A4', 'A4', '12.00', 'KOS', '103.00', 'RL', 'RL', '4', '2016-12-15 00:00:00', 1),
('A5', 'A5', '15.00', 'KOS', '104.00', 'RL', 'RL', '5', '2016-12-16 00:00:00', 1),
('A6', 'A6', '13.00', 'KOS', '105.00', 'RL', 'RL', '6', '2016-12-17 00:00:00', 1),
('A7', 'A7', '19.00', 'KOS', '106.00', 'RL', 'RL', '7', '2016-12-18 00:00:00', 1),
('A8', 'A8', '1.00', 'KOS', '107.00', 'RL', 'RL', '8', '2016-12-19 00:00:00', 1),
('A9', 'A9', '1.00', 'KOS', '108.00', 'RL', 'RL', '9', '2016-12-20 00:00:00', 1);

-- --------------------------------------------------------

--
-- Table structure for table `IZDELEK_OPERACIJA`
--

CREATE TABLE `IZDELEK_OPERACIJA` (
  `IZDELEK_ID` varchar(12) COLLATE utf8_slovenian_ci NOT NULL,
  `OPERACIJA_ID` NUMERIC (10) NOT NULL,
  `ZAPOREDJE` tinyint(4) NOT NULL
) ENGINE=InnoDB DEFAULT CHARSET=utf8 COLLATE=utf8_slovenian_ci;

--
-- Dumping data for table `IZDELEK_OPERACIJA`
--

INSERT INTO `IZDELEK_OPERACIJA` (`IZDELEK_ID`, `OPERACIJA_ID`, `ZAPOREDJE`) VALUES
('A1', 1060, 7),
('A2', 1050, 6),
('A3', 1030, 4),
('A4', 1040, 5),
('A5', 1000, 1),
('A6', 1010, 2),
('A7', 1020, 3);

-- --------------------------------------------------------

--
-- Table structure for table `KUPEC`
--

CREATE TABLE `KUPEC` (
  `KUPEC_ID` NUMERIC (10) NOT NULL,
  `NAZIV` varchar(50) COLLATE utf8_slovenian_ci NOT NULL,
  `DDV_ID` varchar(15) COLLATE utf8_slovenian_ci NOT NULL
) ENGINE=InnoDB DEFAULT CHARSET=utf8 COLLATE=utf8_slovenian_ci;

--
-- Dumping data for table `KUPEC`
--

INSERT INTO `KUPEC` (`KUPEC_ID`, `NAZIV`, `DDV_ID`) VALUES
(20, 'GOSPODINJSKI APARATI D.O.O.', 'HR001'),
(21, 'TOVARNA ELEKTROELEMENTOV  D.D.', 'SI001'),
(60, 'TISKANA VEZJA D.O.O.', 'SI002'),
(107, 'PAMETNA VEZJA D.D.', 'SI003'),
(135, 'ELEKTROMEHANIZMI, D.O.O.', 'SI004'),
(235, 'ELEKTRIČNI ŠTEVCI', 'SI005'),
(547, 'ELEKTRONIK MARKET AG', 'D001'),
(592, 'SVETLOBNI UČINKI D.O.O', 'SI005');

-- --------------------------------------------------------

--
-- Table structure for table `NAROCILO`
--

CREATE TABLE `NAROCILO` (
  `NAROCILO_ID` NUMERIC (10) NOT NULL,
  `KUPEC_ID` NUMERIC (10) NOT NULL,
  `DATUM_NAROCILA` datetime NOT NULL,
  `DATUM_DOBAVE` datetime NOT NULL
) ENGINE=InnoDB DEFAULT CHARSET=utf8 COLLATE=utf8_slovenian_ci;

-- --------------------------------------------------------

--
-- Table structure for table `OPERACIJA`
--

CREATE TABLE `OPERACIJA` (
  `OPERACIJA_ID` NUMERIC (10) NOT NULL,
  `NAZIV_OPERACIJE` varchar(100) COLLATE utf8_slovenian_ci NOT NULL,
  `MINUT_ZA_KOS` decimal(10,5) NOT NULL,
  `OPOMBA1` varchar(100) COLLATE utf8_slovenian_ci DEFAULT NULL,
  `OPOMBA2` varchar(100) COLLATE utf8_slovenian_ci DEFAULT NULL
) ENGINE=InnoDB DEFAULT CHARSET=utf8 COLLATE=utf8_slovenian_ci;

--
-- Dumping data for table `OPERACIJA`
--

INSERT INTO `OPERACIJA` (`OPERACIJA_ID`, `NAZIV_OPERACIJE`, `MINUT_ZA_KOS`, `OPOMBA1`, `OPOMBA2`) VALUES
(10, 'SESTAVLJANJE – ŽARNICA + PODNOŽJE + OKROGLA MATICA', '0.42100', '', '    '),
(20, 'KLEMANJE TLIVK - KUPEC ', '0.09580', '', '    '),
(30, 'KLEMANJE TLIVK 615, 616, 629', '0.09710', '', '    '),
(40, 'KRIVLJENJE PREVEZ', '0.13800', '', '    '),
(50, 'LEPLJENJE NALEPK NA KABLE – KUPEC', '0.22550', '', '    '),
(60, 'NATIKANJE 1 NAKRČKE + GRETJE – NA TRAKU', '0.21600', '', '    '),
(70, 'NATIKANJE 2 NAKRČKE + GRETJE – NA TRAKU', '0.35000', '', '    '),
(80, 'NATIKANJE 2 NAKRČKE  (3 ŽICE) + GRETJE – NA TRAKU', '0.47580', '*', '    '),
(90, 'NATIKANJE 3 NAKRČKE + GRETJE – NA TRAKU', '0.85000', '', '    '),
(100, 'NATIKANJE CEVK, KRIVLJENJE + ETIKETE – VAROVALKE', '0.55000', '', '    '),
(110, 'NATIKANJE DUBOKSOV IC 6;7', '0.47320', '', '    '),
(120, 'NATIKANJE LEČK – 616, 629 – KUPEC', '0.16400', '', '    '),
(130, 'NATIKANJE NAKRČKA NA SNOP + GRETJE (331)', '0.34320', '', 'S FENOM - PO 2 KOM  (0,0912;KOM) – UPOŠTEVANO V NORMI    '),
(140, 'NATIKANJE NAKRČKA NA SNOP 4+1 (331)', '0.46580', '', 'S FENOM - PO 1 KOM ( 0,2771)- UPOŠTEVANO V NORMI    '),
(150, 'NATIKANJE OHIŠIJ  240 – KUPEC', '0.14500', '', '    '),
(160, 'NATIKANJE OHIŠIJ 242, 243 – KUPEC', '0.15000', '*', '    '),
(170, 'NATIKANJE OHIŠIJ 439, 440 – KUPEC', '0.12820', '', '    '),
(180, 'NATIKANJE OHIŠIJ 444 – KUPEC', '0.13920', '', '    '),
(190, 'NATIKANJE OHIŠIJ 535 – KUPEC', '0.11250', '*', '    '),
(200, 'NATIKANJE OHIŠIJ 536 – KUPEC', '0.09270', '', '    '),
(210, 'NATIKANJE OHIŠIJ  547 – KUPEC', '0.14050', '', '    '),
(220, 'NATIKANJE OHIŠIJ  691 – KUPEC', '0.13920', '', '    '),
(230, 'NATIKANJE OHIŠIJ 797 – KUPEC', '0.10550', '', '    '),
(240, 'NATIKANJE OHIŠIJ 933 – KUPEC', '0.11120', '', '    '),
(250, 'NATIKANJE OHIŠIJ  661 – KUPECX , KUPEC Y', '0.14050', '', '    '),
(260, 'NATIKANJE OHIŠIJ 784 – KUPECX , KUPEC Y', '0.14050', '', '    '),
(270, 'NATIKANJE OHIŠIJ – STIKALA KUPEC', '0.30000', '', '    '),
(280, 'NATIKANJE ŠČIT. + STISKANJE FASTONOV - KUPEC', '0.28700', '', '    '),
(290, 'NATIKANJE TULCEV  – KUPEC', '0.14290', '', '    '),
(300, 'NATIKANJE TULCEV  – KUPEC', '0.13330', '', '    '),
(310, 'NATIKANJE TULCEV  – KUPEC LED', '0.23000', '', '    '),
(320, 'OBRAČANJE TLIVK 629', '0.04120', '', '    '),
(330, 'PREGLEDOVANJE SOFITNIH ŽARNIC', '0.02800', '*', '    '),
(340, 'PRITRJEVANJE  VAROVALK', '0.15220', '', '    '),
(350, 'PRITRJEVANJE FASTONOV IC 6;7', '0.26660', '', '    '),
(360, 'PRITRJEVANJE KOVIC -ZA STIKLA', '0.07600', '', '    '),
(370, 'PRITRJEVANJE MIKRO VTIKAČA', '0.33960', '', '    '),
(380, 'REZANJE CEVK ZA SOFITKE', '0.04210', '*', '    '),
(390, 'REZANJE OHIŠIJ ZA 243', '0.15000', '*', '    '),
(400, 'REZANJE TLIVK 629', '0.05840', '', '    '),
(410, 'ROČNO CINJENJE ( ENA STRAN ŽIČKE)', '0.04190', '', '    '),
(420, 'ROČNO STISKANJE VOTLIC (PREŠA)', '0.12720', '', '    '),
(430, 'SPENJANJE Z VEZICAMI – SMARTEH', '0.28960', '', '    '),
(440, 'STISKANJE FASTONOV – DO 10CM (DOLŽINA ŽIČKE)', '0.04490', '*', '1 ŽIČKA, 15.04.2010 DVIG NORME ZA 15%    '),
(450, 'STISKANJE FASTONOV – OD 10CM (DOLŽINA ŽIČKE)', '0.03220', '', '1 ŽIČKA, 15.04.2010 DVIG NORME ZA 15%    '),
(460, 'STISKANJE FASTONOV – 615+SNEMANJE IZOLACIJE', '0.09230', '', '2 ŽIČKE, 15.04.2010 DVIG NORME ZA 15%    '),
(470, 'STISKANJE TULCEV 4+1 (331)', '0.40950', '', '    '),
(480, 'STISKANJE ZAŠČITNIH  TULCEV  – KONČAR', '0.04650', '', '    '),
(490, 'STISKANJE ZAŠČITNIH TULCEV  – TEM', '0.04430', '', '    '),
(500, 'STROJNO STISKANJE VOTLIC – KRIMPE Z+F', '0.06000', '', '    '),
(510, 'ŠTEVILČENJE – KUPEC (1 ŽICA)', '0.05700', '*', '    '),
(520, 'ŠTEVILČENJE, KUPEC – SNOPI', '0.10000', '*', ' MENJAVA ŠTEVILK ZA 1X = 0,23 (ZA EN UDAREC)    '),
(530, 'TOKOVNI OVOJ – MOSTIČ 026, 432', '0.14620', '', '    '),
(540, 'TOKOVNI OVOJ – MOSTIČ KOSITRAN 405', '0.14280', '', '    '),
(550, 'TOKOVNI OVOJ 525, 404,431', '0.39400', '', '    '),
(560, 'VARJENJE UPOROV + REZANJE', '0.07870', '', 'REZANJE UPOŠTEVANO V NORMI (0,0042)    '),
(570, 'VTISKOVANJE LEČK – KUPEC', '0.05930', '', '    '),
(580, 'ZAKOVANJE DIOD (331) + REZANJE', '0.16600', '', 'REZANJE UPOŠTEVANO V NORMI (0,0058)    '),
(590, '185390610;KUPEC - ROČNI RAZREZ KOT. FASTONOV', '0.07400', '', '    '),
(600, '185390610;KUPEC - ROČNO POREZOVANJE OHIŠIJ', '0.05600', '', '    '),
(610, '185390610;KUPEC - STISKANJE FASTONOV - NA PREŠI', '0.15500', '', '    '),
(620, '185390610;KUPEC - NATIKANJE VEZIC', '1.15500', '', '    '),
(630, '185390610;KUPEC - SPENJANJE VODNIKOV Z VEZICAMU', '0.29200', '', '    '),
(640, '185390610;KUPEC - STROJNO STISKANJE VOTLIC – KRIMPE Z+F', '0.06000', '', '    '),
(650, '185390610;KUPEC - ROČNO STISKANJE VOTLIC (PREŠA)', '0.12720', '', '    '),
(660, '60 300;KUPEC – SNEMANJE ZUNANJE IZOLACIJE (2X)', '0.04890', '', '    '),
(670, '60 300;KUPEC – POREZOVANJE 1 ŽIČKE', '0.06190', '', '    '),
(680, '60 300;KUPEC – ABLANKIRANJE (2X)', '0.12230', '', '    '),
(690, '60 300;KUPEC – ABLANKIRANJE (2X)', '0.12330', '', '    '),
(700, '60 300;KUPEC – CINJENJE (2X)', '0.17340', '', '    '),
(710, '60 300;KUPEC – PRITRJEVANJE PINOV (2X)', '0.16200', '', '    '),
(720, '60 300;KUPEC – POREZOVANJE ŽIČK (4X)', '0.16080', '', '    '),
(730, '60 300;KUPEC – NATIKANJE OGIŠIJ IN SPENJANE', '0.15400', '', '    '),
(740, 'BRISANJE ŽIČK Z BRISAČO', '0.00830', '0,0056', '    '),
(750, 'CEPLJENJE FLETOV DVOŽILNE', '0.13460', '', '    '),
(760, 'CEPLJENJE FLETOV TROŽILNE', '0.16180', '', '    '),
(770, 'CINJENJE FLETOV DVOŽILNE', '0.35320', '', '    '),
(780, 'CINJENJE FLETOV TROŽILNE', '0.43230', '', '    '),
(790, 'CINJENJE ŽIČK V TULEC – DANFOSS', '0.43930', '*', '    '),
(800, 'CINJENJE ŽIČK NA STIKALO (EL. VEZAVA) – KUPEC', '1.50880', '', '2. STIKALI    '),
(810, 'CINJENJE ŽIČK NA SPONKO + NAT. ELIZ. CEVI (EL. VEZAVA)', '1.45440', '', 'Z NATIKANJEM ZAŠČITNE CEVI    '),
(820, 'IC 6;7 -  MIKRO VTIKAČ', '0.81000', '', 'POPRAVLJA 2 KOM - NI UPOŠTEVANO (0,1178)    '),
(830, 'KAC20 -SESTAVA PODNOŽJA', '1.15550', '', '    '),
(840, 'KAC20 -6 KOTNA MATICA + TELO + LEČKA', '0.36000', '', '    '),
(1000, 'sestavljanje A5: A14 vstavi v A15 in privijači z A16', '0.05000', NULL, NULL),
(1010, 'sestavljanje A6: A17 privijači v A18', '0.02000', NULL, NULL),
(1020, 'sestavljanje A7: zacini A19 na A20', '0.03000', NULL, NULL),
(1030, 'sestavljanje A3: A10 vstavi v A8, sklemaj z A9', '0.30000', NULL, NULL),
(1040, 'sestavljanje A4: sklemaj z A11 in A12 z A13', '0.30000', NULL, NULL),
(1050, 'sestavljanje A2: vstavi A5 v A6, natakni A7 na spoj', '0.30000', NULL, NULL),
(1060, 'sestavljanje A1: vstavi A2 v A3 in sestav vstavi v A4', '0.30000', NULL, NULL);

-- --------------------------------------------------------

--
-- Table structure for table `OPIS_IZDELKA`
--

CREATE TABLE `OPIS_IZDELKA` (
  `OPIS_IZDELKA_ID` NUMERIC (10) NOT NULL,
  `IPS` varchar(12) COLLATE utf8_slovenian_ci NOT NULL,
  `SLIKA_VIDEO` longblob,
  `ORIGINALNO_IME` varchar(350) COLLATE utf8_slovenian_ci DEFAULT NULL,
  `MIME_TYPE` varchar(350) COLLATE utf8_slovenian_ci DEFAULT NULL,
  `DATUM_KREIRANJA` datetime DEFAULT NULL,
  `DATUM_ZADNJE_SPREMEMBE` datetime DEFAULT NULL,
  `NABOR_ZNAKOV` varchar(20) COLLATE utf8_slovenian_ci DEFAULT NULL
) ENGINE=InnoDB DEFAULT CHARSET=utf8 COLLATE=utf8_slovenian_ci;

-- --------------------------------------------------------

--
-- Table structure for table `STRUKTURA`
--

CREATE TABLE `STRUKTURA` (
  `NADREJENI_DEL_ID` varchar(12) COLLATE utf8_slovenian_ci NOT NULL,
  `VGRAJENI_DEL_ID` varchar(12) COLLATE utf8_slovenian_ci NOT NULL,
  `KOLICINA` decimal(12,5) NOT NULL
) ENGINE=InnoDB DEFAULT CHARSET=utf8 COLLATE=utf8_slovenian_ci;

--
-- Dumping data for table `STRUKTURA`
--

INSERT INTO `STRUKTURA` (`NADREJENI_DEL_ID`, `VGRAJENI_DEL_ID`, `KOLICINA`) VALUES
('A3', 'A10', '3.00000'),
('A4', 'A11', '4.00000'),
('A4', 'A12', '4.00000'),
('A4', 'A13', '4.00000'),
('A5', 'A14', '5.00000'),
('A5', 'A15', '5.00000'),
('A5', 'A16', '5.00000'),
('A6', 'A17', '6.00000'),
('A6', 'A18', '7.00000'),
('A7', 'A19', '7.00000'),
('A1', 'A2', '1.00000'),
('A7', 'A20', '8.00000'),
('A1', 'A3', '1.00000'),
('A1', 'A4', '1.00000'),
('A2', 'A5', '2.00000'),
('A2', 'A6', '2.00000'),
('A2', 'A7', '2.00000'),
('A3', 'A8', '3.00000'),
('A3', 'A9', '3.00000');

-- --------------------------------------------------------

--
-- Table structure for table `VRSTICA_NAROCILA`
--

CREATE TABLE `VRSTICA_NAROCILA` (
  `VRSTICA_ID` NUMERIC (10) NOT NULL,
  `NAROCILO_ID` NUMERIC (10) NOT NULL,
  `IZDELEK_ID` varchar(12) COLLATE utf8_slovenian_ci NOT NULL,
  `KOLICINA` decimal(10,2) NOT NULL
) ENGINE=InnoDB DEFAULT CHARSET=utf8 COLLATE=utf8_slovenian_ci;

-- --------------------------------------------------------

--
-- Table structure for table `VRSTICA_OBRACUNA`
--

CREATE TABLE `VRSTICA_OBRACUNA` (
  `VRSTICA_OBRACUNA_ID` NUMERIC (10) NOT NULL,
  `DATUM_REALIZACIJE` datetime NOT NULL,
  `DATUM_VPISA` datetime NOT NULL,
  `DELAVEC_ID` NUMERIC (10) NOT NULL,
  `OPERACIJA_ID` NUMERIC (10) NOT NULL,
  `DELOVNI_NALOG_ID` NUMERIC (10) NOT NULL,
  `STEVILO_OPERACIJ` NUMERIC (10) NOT NULL,
  `MINUT_DELA` decimal(8,2) NOT NULL,
  `MINUT_NENORMIRANO` decimal(8,2) NOT NULL,
  `MINUT_ZASTOJ` decimal(8,2) NOT NULL
) ENGINE=InnoDB DEFAULT CHARSET=utf8 COLLATE=utf8_slovenian_ci;

--
-- Dumping data for table `VRSTICA_OBRACUNA`
--

INSERT INTO `VRSTICA_OBRACUNA` (`VRSTICA_OBRACUNA_ID`, `DATUM_REALIZACIJE`, `DATUM_VPISA`, `DELAVEC_ID`, `OPERACIJA_ID`, `DELOVNI_NALOG_ID`, `STEVILO_OPERACIJ`, `MINUT_DELA`, `MINUT_NENORMIRANO`, `MINUT_ZASTOJ`) VALUES
(1, '2015-11-02 16:00:00', '2015-11-02 16:05:00', 70, 10, 1, 1012, '426.00', '0.00', '0.00'),
(2, '2015-11-03 16:00:00', '2015-11-03 16:05:00', 70, 20, 1, 4447, '426.00', '0.00', '0.00'),
(3, '2015-11-04 16:00:00', '2015-11-04 16:05:00', 70, 30, 1, 4387, '426.00', '0.00', '0.00'),
(4, '2015-11-05 16:00:00', '2015-11-05 16:05:00', 70, 10, 1, 1012, '426.00', '0.00', '0.00'),
(5, '2015-11-06 16:00:00', '2015-11-06 16:05:00', 70, 20, 1, 4447, '426.00', '0.00', '0.00'),
(6, '2015-11-09 16:00:00', '2015-11-09 16:05:00', 70, 30, 1, 4387, '426.00', '0.00', '0.00'),
(7, '2015-11-10 16:00:00', '2015-11-10 16:05:00', 70, 10, 1, 1012, '426.00', '0.00', '0.00'),
(8, '2015-11-11 16:00:00', '2015-11-11 16:05:00', 70, 20, 1, 4447, '426.00', '0.00', '0.00'),
(9, '2015-11-12 16:00:00', '2015-11-12 16:05:00', 70, 30, 1, 4387, '426.00', '0.00', '0.00'),
(10, '2015-11-13 16:00:00', '2015-11-13 16:05:00', 70, 10, 1, 1012, '426.00', '0.00', '0.00'),
(11, '2015-11-16 16:00:00', '2015-11-16 16:05:00', 70, 20, 1, 4447, '426.00', '0.00', '0.00'),
(12, '2015-11-17 16:00:00', '2015-11-17 16:05:00', 70, 30, 1, 4387, '426.00', '0.00', '0.00'),
(13, '2015-11-18 16:00:00', '2015-11-18 16:05:00', 70, 10, 1, 1012, '426.00', '0.00', '0.00'),
(14, '2015-11-19 16:00:00', '2015-11-19 16:05:00', 70, 20, 1, 4447, '426.00', '0.00', '0.00'),
(15, '2015-11-20 16:00:00', '2015-11-20 16:05:00', 70, 30, 1, 4387, '426.00', '0.00', '0.00'),
(16, '2015-11-23 16:00:00', '2015-11-23 16:05:00', 70, 10, 1, 1012, '426.00', '0.00', '0.00'),
(17, '2015-11-24 16:00:00', '2015-11-24 16:05:00', 70, 20, 1, 4447, '426.00', '0.00', '0.00'),
(18, '2015-11-25 16:00:00', '2015-11-25 16:05:00', 70, 30, 1, 4387, '426.00', '0.00', '0.00'),
(19, '2015-11-26 16:00:00', '2015-11-26 16:05:00', 70, 10, 1, 1012, '426.00', '0.00', '0.00'),
(20, '2015-11-27 16:00:00', '2015-11-27 16:05:00', 70, 20, 1, 4447, '426.00', '0.00', '0.00'),
(21, '2015-11-30 16:00:00', '2015-11-30 16:05:00', 70, 30, 1, 4387, '426.00', '0.00', '0.00'),
(22, '2015-11-02 16:00:00', '2015-11-02 16:05:00', 80, 10, 2, 961, '426.00', '0.00', '0.00'),
(23, '2015-11-03 16:00:00', '2015-11-03 16:05:00', 80, 20, 2, 4224, '426.00', '0.00', '0.00'),
(24, '2015-11-04 16:00:00', '2015-11-04 16:05:00', 80, 30, 2, 4168, '426.00', '0.00', '0.00'),
(25, '2015-11-05 16:00:00', '2015-11-05 16:05:00', 80, 10, 2, 961, '426.00', '0.00', '0.00'),
(26, '2015-11-06 16:00:00', '2015-11-06 16:05:00', 80, 20, 2, 4224, '426.00', '0.00', '0.00'),
(27, '2015-11-09 16:00:00', '2015-11-09 16:05:00', 80, 30, 2, 4168, '426.00', '0.00', '0.00'),
(28, '2015-11-10 16:00:00', '2015-11-10 16:05:00', 80, 10, 2, 961, '426.00', '0.00', '0.00'),
(29, '2015-11-11 16:00:00', '2015-11-11 16:05:00', 80, 20, 2, 4224, '426.00', '0.00', '0.00'),
(30, '2015-11-12 16:00:00', '2015-11-12 16:05:00', 80, 30, 2, 4168, '426.00', '0.00', '0.00'),
(31, '2015-11-13 16:00:00', '2015-11-13 16:05:00', 80, 10, 2, 961, '426.00', '0.00', '0.00'),
(32, '2015-11-16 16:00:00', '2015-11-16 16:05:00', 80, 20, 2, 4224, '426.00', '0.00', '0.00'),
(33, '2015-11-17 16:00:00', '2015-11-17 16:05:00', 80, 30, 2, 4168, '426.00', '0.00', '0.00'),
(34, '2015-11-18 16:00:00', '2015-11-18 16:05:00', 80, 10, 2, 961, '426.00', '0.00', '0.00'),
(35, '2015-11-19 16:00:00', '2015-11-19 16:05:00', 80, 20, 2, 4224, '426.00', '0.00', '0.00'),
(36, '2015-11-20 16:00:00', '2015-11-20 16:05:00', 80, 30, 2, 4168, '426.00', '0.00', '0.00'),
(37, '2015-11-23 16:00:00', '2015-11-23 16:05:00', 80, 10, 2, 961, '426.00', '0.00', '0.00'),
(38, '2015-11-24 16:00:00', '2015-11-24 16:05:00', 80, 20, 2, 4224, '426.00', '0.00', '0.00'),
(39, '2015-11-25 16:00:00', '2015-11-25 16:05:00', 80, 30, 2, 4168, '426.00', '0.00', '0.00'),
(40, '2015-11-26 16:00:00', '2015-11-26 16:05:00', 80, 10, 2, 961, '426.00', '0.00', '0.00'),
(41, '2015-11-27 16:00:00', '2015-11-27 16:05:00', 80, 20, 2, 4224, '426.00', '0.00', '0.00'),
(42, '2015-11-30 16:00:00', '2015-11-30 16:05:00', 80, 30, 2, 4168, '426.00', '0.00', '0.00'),
(43, '2015-11-02 16:00:00', '2015-11-02 16:05:00', 90, 10, 3, 1062, '426.00', '0.00', '0.00'),
(44, '2015-11-03 16:00:00', '2015-11-03 16:05:00', 90, 20, 3, 4669, '426.00', '0.00', '0.00'),
(45, '2015-11-04 16:00:00', '2015-11-04 16:05:00', 90, 30, 3, 4607, '426.00', '0.00', '0.00'),
(46, '2015-11-05 16:00:00', '2015-11-05 16:05:00', 90, 10, 3, 1062, '426.00', '0.00', '0.00'),
(47, '2015-11-06 16:00:00', '2015-11-06 16:05:00', 90, 20, 3, 4669, '426.00', '0.00', '0.00'),
(48, '2015-11-09 16:00:00', '2015-11-09 16:05:00', 90, 30, 3, 4607, '426.00', '0.00', '0.00'),
(49, '2015-11-10 16:00:00', '2015-11-10 16:05:00', 90, 10, 3, 1062, '426.00', '0.00', '0.00'),
(50, '2015-11-11 16:00:00', '2015-11-11 16:05:00', 90, 20, 3, 4669, '426.00', '0.00', '0.00'),
(51, '2015-11-12 16:00:00', '2015-11-12 16:05:00', 90, 30, 3, 4607, '426.00', '0.00', '0.00'),
(52, '2015-11-13 16:00:00', '2015-11-13 16:05:00', 90, 10, 3, 1062, '426.00', '0.00', '0.00'),
(53, '2015-11-16 16:00:00', '2015-11-16 16:05:00', 90, 20, 3, 4669, '426.00', '0.00', '0.00'),
(54, '2015-11-17 16:00:00', '2015-11-17 16:05:00', 90, 30, 3, 4607, '426.00', '0.00', '0.00'),
(55, '2015-11-18 16:00:00', '2015-11-18 16:05:00', 90, 10, 3, 1062, '426.00', '0.00', '0.00'),
(56, '2015-11-19 16:00:00', '2015-11-19 16:05:00', 90, 20, 3, 4669, '426.00', '0.00', '0.00'),
(57, '2015-11-20 16:00:00', '2015-11-20 16:05:00', 90, 30, 3, 4607, '426.00', '0.00', '0.00'),
(58, '2015-11-23 16:00:00', '2015-11-23 16:05:00', 90, 10, 3, 1062, '426.00', '0.00', '0.00'),
(59, '2015-11-24 16:00:00', '2015-11-24 16:05:00', 90, 20, 3, 4669, '426.00', '0.00', '0.00'),
(60, '2015-11-25 16:00:00', '2015-11-25 16:05:00', 90, 30, 3, 4607, '426.00', '0.00', '0.00'),
(61, '2015-11-26 16:00:00', '2015-11-26 16:05:00', 90, 10, 3, 1062, '426.00', '0.00', '0.00'),
(62, '2015-11-27 16:00:00', '2015-11-27 16:05:00', 90, 20, 3, 4669, '426.00', '0.00', '0.00'),
(63, '2015-11-30 16:00:00', '2015-11-30 16:05:00', 90, 30, 3, 4607, '426.00', '0.00', '0.00'),
(64, '2015-11-02 16:00:00', '2015-11-02 16:05:00', 40, 10, 1, 1012, '426.00', '0.00', '0.00'),
(65, '2015-11-03 16:00:00', '2015-11-03 16:05:00', 40, 20, 2, 4447, '426.00', '0.00', '0.00'),
(66, '2015-11-04 16:00:00', '2015-11-04 16:05:00', 40, 30, 3, 4387, '426.00', '0.00', '0.00'),
(67, '2015-11-05 16:00:00', '2015-11-05 16:05:00', 40, 10, 1, 1012, '426.00', '0.00', '0.00'),
(68, '2015-11-06 16:00:00', '2015-11-06 16:05:00', 40, 20, 2, 4447, '426.00', '0.00', '0.00'),
(69, '2015-11-09 16:00:00', '2015-11-09 16:05:00', 40, 30, 3, 4387, '426.00', '0.00', '0.00'),
(70, '2015-11-10 16:00:00', '2015-11-10 16:05:00', 40, 10, 1, 1012, '426.00', '0.00', '0.00'),
(71, '2015-11-11 16:00:00', '2015-11-11 16:05:00', 40, 20, 2, 4447, '426.00', '0.00', '0.00'),
(72, '2015-11-12 16:00:00', '2015-11-12 16:05:00', 40, 30, 3, 4387, '426.00', '0.00', '0.00'),
(73, '2015-11-13 16:00:00', '2015-11-13 16:05:00', 40, 10, 1, 1012, '426.00', '0.00', '0.00'),
(74, '2015-11-16 16:00:00', '2015-11-16 16:05:00', 40, 20, 2, 4447, '426.00', '0.00', '0.00'),
(75, '2015-11-17 16:00:00', '2015-11-17 16:05:00', 40, 30, 3, 4387, '426.00', '0.00', '0.00'),
(76, '2015-11-18 16:00:00', '2015-11-18 16:05:00', 40, 10, 1, 1012, '426.00', '0.00', '0.00'),
(77, '2015-11-19 16:00:00', '2015-11-19 16:05:00', 40, 20, 2, 4447, '426.00', '0.00', '0.00'),
(78, '2015-11-20 16:00:00', '2015-11-20 16:05:00', 40, 30, 3, 4387, '426.00', '0.00', '0.00'),
(79, '2015-11-23 16:00:00', '2015-11-23 16:05:00', 40, 10, 1, 1012, '426.00', '0.00', '0.00'),
(80, '2015-11-24 16:00:00', '2015-11-24 16:05:00', 40, 20, 2, 4447, '426.00', '0.00', '0.00'),
(81, '2015-11-25 16:00:00', '2015-11-25 16:05:00', 40, 30, 3, 4387, '426.00', '0.00', '0.00'),
(82, '2015-11-27 16:00:00', '2015-11-27 16:05:00', 40, 10, 1, 1012, '426.00', '0.00', '0.00'),
(83, '2015-11-26 16:00:00', '2015-11-26 16:05:00', 40, 20, 2, 4447, '426.00', '0.00', '0.00'),
(84, '2015-11-30 16:00:00', '2015-11-30 16:05:00', 40, 30, 3, 4387, '426.00', '0.00', '0.00'),
(85, '2015-11-02 16:00:00', '2015-11-02 16:05:00', 50, 10, 1, 961, '426.00', '0.00', '0.00'),
(86, '2015-11-03 16:00:00', '2015-11-03 16:05:00', 50, 20, 2, 4224, '426.00', '0.00', '0.00'),
(87, '2015-11-04 16:00:00', '2015-11-04 16:05:00', 50, 30, 3, 4168, '426.00', '0.00', '0.00'),
(88, '2015-11-05 16:00:00', '2015-11-05 16:05:00', 50, 10, 1, 961, '426.00', '0.00', '0.00'),
(89, '2015-11-06 16:00:00', '2015-11-06 16:05:00', 50, 20, 2, 4224, '426.00', '0.00', '0.00'),
(90, '2015-11-09 16:00:00', '2015-11-09 16:05:00', 50, 30, 3, 4168, '426.00', '0.00', '0.00'),
(91, '2015-11-10 16:00:00', '2015-11-10 16:05:00', 50, 10, 1, 961, '426.00', '0.00', '0.00'),
(92, '2015-11-11 16:00:00', '2015-11-11 16:05:00', 50, 20, 2, 4224, '426.00', '0.00', '0.00'),
(93, '2015-11-12 16:00:00', '2015-11-12 16:05:00', 50, 30, 3, 4168, '426.00', '0.00', '0.00'),
(94, '2015-11-13 16:00:00', '2015-11-13 16:05:00', 50, 10, 1, 961, '426.00', '0.00', '0.00'),
(95, '2015-11-16 16:00:00', '2015-11-16 16:05:00', 50, 20, 2, 4224, '426.00', '0.00', '0.00'),
(96, '2015-11-17 16:00:00', '2015-11-17 16:05:00', 50, 30, 3, 4168, '426.00', '0.00', '0.00'),
(97, '2015-11-18 16:00:00', '2015-11-18 16:05:00', 50, 10, 1, 961, '426.00', '0.00', '0.00'),
(98, '2015-11-19 16:00:00', '2015-11-19 16:05:00', 50, 20, 2, 4224, '426.00', '0.00', '0.00'),
(99, '2015-11-20 16:00:00', '2015-11-20 16:05:00', 50, 30, 3, 4168, '426.00', '0.00', '0.00'),
(100, '2015-11-23 16:00:00', '2015-11-23 16:05:00', 50, 10, 1, 961, '426.00', '0.00', '0.00'),
(101, '2015-11-24 16:00:00', '2015-11-24 16:05:00', 50, 20, 2, 4224, '426.00', '0.00', '0.00'),
(102, '2015-11-25 16:00:00', '2015-11-25 16:05:00', 50, 30, 3, 4168, '426.00', '0.00', '0.00'),
(103, '2015-11-27 16:00:00', '2015-11-27 16:05:00', 50, 10, 1, 961, '426.00', '0.00', '0.00'),
(104, '2015-11-26 16:00:00', '2015-11-26 16:05:00', 50, 20, 2, 4224, '426.00', '0.00', '0.00'),
(105, '2015-11-30 16:00:00', '2015-11-30 16:05:00', 50, 30, 3, 4168, '426.00', '0.00', '0.00'),
(106, '2015-11-02 16:00:00', '2015-11-02 16:05:00', 60, 10, 1, 1062, '426.00', '0.00', '0.00'),
(107, '2015-11-03 16:00:00', '2015-11-03 16:05:00', 60, 20, 2, 4669, '426.00', '0.00', '0.00'),
(108, '2015-11-04 16:00:00', '2015-11-04 16:05:00', 60, 30, 3, 4607, '426.00', '0.00', '0.00'),
(109, '2015-11-05 16:00:00', '2015-11-05 16:05:00', 60, 10, 1, 1062, '426.00', '0.00', '0.00'),
(110, '2015-11-06 16:00:00', '2015-11-06 16:05:00', 60, 20, 2, 4669, '426.00', '0.00', '0.00'),
(111, '2015-11-09 16:00:00', '2015-11-09 16:05:00', 60, 30, 3, 4607, '426.00', '0.00', '0.00'),
(112, '2015-11-10 16:00:00', '2015-11-10 16:05:00', 60, 10, 1, 1062, '426.00', '0.00', '0.00'),
(113, '2015-11-11 16:00:00', '2015-11-11 16:05:00', 60, 20, 2, 4669, '426.00', '0.00', '0.00'),
(114, '2015-11-12 16:00:00', '2015-11-12 16:05:00', 60, 30, 3, 4607, '426.00', '0.00', '0.00'),
(115, '2015-11-13 16:00:00', '2015-11-13 16:05:00', 60, 10, 1, 1062, '426.00', '0.00', '0.00'),
(116, '2015-11-16 16:00:00', '2015-11-16 16:05:00', 60, 20, 2, 4669, '426.00', '0.00', '0.00'),
(117, '2015-11-17 16:00:00', '2015-11-17 16:05:00', 60, 30, 3, 4607, '426.00', '0.00', '0.00'),
(118, '2015-11-18 16:00:00', '2015-11-18 16:05:00', 60, 10, 1, 1062, '426.00', '0.00', '0.00'),
(119, '2015-11-19 16:00:00', '2015-11-19 16:05:00', 60, 20, 2, 4669, '426.00', '0.00', '0.00'),
(120, '2015-11-20 16:00:00', '2015-11-20 16:05:00', 60, 30, 3, 4607, '426.00', '0.00', '0.00'),
(121, '2015-11-23 16:00:00', '2015-11-23 16:05:00', 60, 10, 1, 1062, '426.00', '0.00', '0.00'),
(122, '2015-11-24 16:00:00', '2015-11-24 16:05:00', 60, 20, 2, 4669, '426.00', '0.00', '0.00'),
(123, '2015-11-25 16:00:00', '2015-11-25 16:05:00', 60, 30, 3, 4607, '426.00', '0.00', '0.00'),
(124, '2015-11-27 16:00:00', '2015-11-27 16:05:00', 60, 10, 1, 1062, '426.00', '0.00', '0.00'),
(125, '2015-11-26 16:00:00', '2015-11-26 16:05:00', 60, 20, 2, 4669, '426.00', '0.00', '0.00'),
(126, '2015-11-30 16:00:00', '2015-11-30 16:05:00', 60, 30, 3, 4607, '426.00', '0.00', '0.00'),
(127, '2015-11-02 16:00:00', '2015-11-02 16:05:00', 100, 10, 1, 1012, '426.00', '0.00', '0.00'),
(128, '2015-11-03 16:00:00', '2015-11-03 16:05:00', 100, 20, 2, 4447, '426.00', '0.00', '0.00'),
(129, '2015-11-04 16:00:00', '2015-11-04 16:05:00', 100, 30, 3, 4387, '426.00', '0.00', '0.00'),
(130, '2015-11-05 16:00:00', '2015-11-05 16:05:00', 100, 10, 1, 1012, '426.00', '0.00', '0.00'),
(131, '2015-11-06 16:00:00', '2015-11-06 16:05:00', 100, 20, 2, 4447, '426.00', '0.00', '0.00'),
(132, '2015-11-09 16:00:00', '2015-11-09 16:05:00', 100, 30, 3, 4387, '426.00', '0.00', '0.00'),
(133, '2015-11-10 16:00:00', '2015-11-10 16:05:00', 100, 10, 1, 1012, '426.00', '0.00', '0.00'),
(134, '2015-11-11 16:00:00', '2015-11-11 16:05:00', 100, 20, 2, 4447, '426.00', '0.00', '0.00'),
(135, '2015-11-12 16:00:00', '2015-11-12 16:05:00', 100, 30, 3, 4387, '426.00', '0.00', '0.00'),
(136, '2015-11-13 16:00:00', '2015-11-13 16:05:00', 100, 10, 1, 1012, '426.00', '0.00', '0.00'),
(137, '2015-11-16 16:00:00', '2015-11-16 16:05:00', 100, 20, 2, 4447, '426.00', '0.00', '0.00'),
(138, '2015-11-17 16:00:00', '2015-11-17 16:05:00', 100, 30, 3, 4387, '426.00', '0.00', '0.00'),
(139, '2015-11-18 16:00:00', '2015-11-18 16:05:00', 100, 10, 1, 1012, '426.00', '0.00', '0.00'),
(140, '2015-11-19 16:00:00', '2015-11-19 16:05:00', 100, 20, 2, 4447, '426.00', '0.00', '0.00'),
(141, '2015-11-20 16:00:00', '2015-11-20 16:05:00', 100, 30, 3, 4387, '426.00', '0.00', '0.00'),
(142, '2015-11-23 16:00:00', '2015-11-23 16:05:00', 100, 10, 1, 1012, '426.00', '0.00', '0.00'),
(143, '2015-11-24 16:00:00', '2015-11-24 16:05:00', 100, 20, 2, 4447, '426.00', '0.00', '0.00'),
(144, '2015-11-25 16:00:00', '2015-11-25 16:05:00', 100, 30, 3, 4387, '426.00', '0.00', '0.00'),
(145, '2015-11-27 16:00:00', '2015-11-27 16:05:00', 100, 10, 1, 1012, '426.00', '0.00', '0.00'),
(146, '2015-11-26 16:00:00', '2015-11-26 16:05:00', 100, 20, 2, 4447, '426.00', '0.00', '0.00'),
(147, '2015-11-30 16:00:00', '2015-11-30 16:05:00', 100, 30, 3, 4387, '426.00', '0.00', '0.00'),
(148, '2015-11-02 16:00:00', '2015-11-02 16:05:00', 110, 10, 1, 961, '426.00', '0.00', '0.00'),
(149, '2015-11-03 16:00:00', '2015-11-03 16:05:00', 110, 20, 2, 4224, '426.00', '0.00', '0.00'),
(150, '2015-11-04 16:00:00', '2015-11-04 16:05:00', 110, 30, 3, 4168, '426.00', '0.00', '0.00'),
(151, '2015-11-05 16:00:00', '2015-11-05 16:05:00', 110, 10, 1, 961, '426.00', '0.00', '0.00'),
(152, '2015-11-06 16:00:00', '2015-11-06 16:05:00', 110, 20, 2, 4224, '426.00', '0.00', '0.00'),
(153, '2015-11-09 16:00:00', '2015-11-09 16:05:00', 110, 30, 3, 4168, '426.00', '0.00', '0.00'),
(154, '2015-11-10 16:00:00', '2015-11-10 16:05:00', 110, 10, 1, 961, '426.00', '0.00', '0.00'),
(155, '2015-11-11 16:00:00', '2015-11-11 16:05:00', 110, 20, 2, 4224, '426.00', '0.00', '0.00'),
(156, '2015-11-12 16:00:00', '2015-11-12 16:05:00', 110, 30, 3, 4168, '426.00', '0.00', '0.00'),
(157, '2015-11-13 16:00:00', '2015-11-13 16:05:00', 110, 10, 1, 961, '426.00', '0.00', '0.00'),
(158, '2015-11-16 16:00:00', '2015-11-16 16:05:00', 110, 20, 2, 4224, '426.00', '0.00', '0.00'),
(159, '2015-11-17 16:00:00', '2015-11-17 16:05:00', 110, 30, 3, 4168, '426.00', '0.00', '0.00'),
(160, '2015-11-18 16:00:00', '2015-11-18 16:05:00', 110, 10, 1, 961, '426.00', '0.00', '0.00'),
(161, '2015-11-19 16:00:00', '2015-11-19 16:05:00', 110, 20, 2, 4224, '426.00', '0.00', '0.00'),
(162, '2015-11-20 16:00:00', '2015-11-20 16:05:00', 110, 30, 3, 4168, '426.00', '0.00', '0.00'),
(163, '2015-11-23 16:00:00', '2015-11-23 16:05:00', 110, 10, 1, 961, '426.00', '0.00', '0.00'),
(164, '2015-11-24 16:00:00', '2015-11-24 16:05:00', 110, 20, 2, 4224, '426.00', '0.00', '0.00'),
(165, '2015-11-25 16:00:00', '2015-11-25 16:05:00', 110, 30, 3, 4168, '426.00', '0.00', '0.00'),
(166, '2015-11-27 16:00:00', '2015-11-27 16:05:00', 110, 10, 1, 961, '426.00', '0.00', '0.00'),
(167, '2015-11-26 16:00:00', '2015-11-26 16:05:00', 110, 20, 2, 4224, '426.00', '0.00', '0.00'),
(168, '2015-11-30 16:00:00', '2015-11-30 16:05:00', 110, 30, 3, 4168, '426.00', '0.00', '0.00'),
(169, '2015-11-02 16:00:00', '2015-11-02 16:05:00', 120, 10, 1, 1062, '426.00', '0.00', '0.00'),
(170, '2015-11-03 16:00:00', '2015-11-03 16:05:00', 120, 20, 2, 4669, '426.00', '0.00', '0.00'),
(171, '2015-11-04 16:00:00', '2015-11-04 16:05:00', 120, 30, 3, 4607, '426.00', '0.00', '0.00'),
(172, '2015-11-05 16:00:00', '2015-11-05 16:05:00', 120, 10, 1, 1062, '426.00', '0.00', '0.00'),
(173, '2015-11-06 16:00:00', '2015-11-06 16:05:00', 120, 20, 2, 4669, '426.00', '0.00', '0.00'),
(174, '2015-11-09 16:00:00', '2015-11-09 16:05:00', 120, 30, 3, 4607, '426.00', '0.00', '0.00'),
(175, '2015-11-10 16:00:00', '2015-11-10 16:05:00', 120, 10, 1, 1062, '426.00', '0.00', '0.00'),
(176, '2015-11-11 16:00:00', '2015-11-11 16:05:00', 120, 20, 2, 4669, '426.00', '0.00', '0.00'),
(177, '2015-11-12 16:00:00', '2015-11-12 16:05:00', 120, 30, 3, 4607, '426.00', '0.00', '0.00'),
(178, '2015-11-13 16:00:00', '2015-11-13 16:05:00', 120, 10, 1, 1062, '426.00', '0.00', '0.00'),
(179, '2015-11-16 16:00:00', '2015-11-16 16:05:00', 120, 20, 2, 4669, '426.00', '0.00', '0.00'),
(180, '2015-11-17 16:00:00', '2015-11-17 16:05:00', 120, 30, 3, 4607, '426.00', '0.00', '0.00'),
(181, '2015-11-18 16:00:00', '2015-11-18 16:05:00', 120, 10, 1, 1062, '426.00', '0.00', '0.00'),
(182, '2015-11-19 16:00:00', '2015-11-19 16:05:00', 120, 20, 2, 4669, '426.00', '0.00', '0.00'),
(183, '2015-11-20 16:00:00', '2015-11-20 16:05:00', 120, 30, 3, 4607, '426.00', '0.00', '0.00'),
(184, '2015-11-23 16:00:00', '2015-11-23 16:05:00', 120, 10, 1, 1062, '426.00', '0.00', '0.00'),
(185, '2015-11-24 16:00:00', '2015-11-24 16:05:00', 120, 20, 2, 4669, '426.00', '0.00', '0.00'),
(186, '2015-11-25 16:00:00', '2015-11-25 16:05:00', 120, 30, 3, 4607, '426.00', '0.00', '0.00'),
(187, '2015-11-27 16:00:00', '2015-11-27 16:05:00', 120, 10, 1, 1062, '426.00', '0.00', '0.00'),
(188, '2015-11-26 16:00:00', '2015-11-26 16:05:00', 120, 20, 2, 4669, '426.00', '0.00', '0.00'),
(189, '2015-11-30 16:00:00', '2015-11-30 16:05:00', 120, 30, 3, 4607, '426.00', '0.00', '0.00'),
(190, '2015-11-02 16:00:00', '2015-11-02 16:05:00', 130, 10, 1, 1012, '426.00', '0.00', '0.00'),
(191, '2015-11-03 16:00:00', '2015-11-02 16:05:00', 130, 20, 1, 4447, '426.00', '0.00', '0.00'),
(192, '2015-11-04 16:00:00', '2015-11-02 16:05:00', 130, 30, 1, 4387, '426.00', '0.00', '0.00'),
(193, '2015-11-05 16:00:00', '2015-11-02 16:05:00', 130, 10, 1, 1012, '426.00', '0.00', '0.00'),
(194, '2015-11-06 16:00:00', '2015-11-02 16:05:00', 130, 20, 1, 4447, '426.00', '0.00', '0.00'),
(195, '2015-11-09 16:00:00', '2015-11-02 16:05:00', 130, 30, 1, 4387, '426.00', '0.00', '0.00'),
(196, '2015-11-10 16:00:00', '2015-11-02 16:05:00', 130, 10, 1, 1012, '426.00', '0.00', '0.00'),
(197, '2015-11-11 16:00:00', '2015-11-02 16:05:00', 130, 20, 1, 4447, '426.00', '0.00', '0.00'),
(198, '2015-11-12 16:00:00', '2015-11-02 16:05:00', 130, 30, 1, 4387, '426.00', '0.00', '0.00'),
(199, '2015-11-13 16:00:00', '2015-11-02 16:05:00', 130, 10, 1, 1012, '426.00', '0.00', '0.00'),
(200, '2015-11-16 16:00:00', '2015-11-02 16:05:00', 130, 20, 1, 4447, '426.00', '0.00', '0.00'),
(201, '2015-11-17 16:00:00', '2015-11-02 16:05:00', 130, 30, 1, 4387, '426.00', '0.00', '0.00'),
(202, '2015-11-18 16:00:00', '2015-11-02 16:05:00', 130, 10, 1, 1012, '426.00', '0.00', '0.00'),
(203, '2015-11-19 16:00:00', '2015-11-02 16:05:00', 130, 20, 1, 4447, '426.00', '0.00', '0.00'),
(204, '2015-11-20 16:00:00', '2015-11-02 16:05:00', 130, 30, 1, 4387, '426.00', '0.00', '0.00'),
(205, '2015-11-23 16:00:00', '2015-11-02 16:05:00', 130, 10, 1, 1012, '426.00', '0.00', '0.00'),
(206, '2015-11-24 16:00:00', '2015-11-02 16:05:00', 130, 20, 1, 4447, '426.00', '0.00', '0.00'),
(207, '2015-11-25 16:00:00', '2015-11-02 16:05:00', 130, 30, 1, 4387, '426.00', '0.00', '0.00'),
(208, '2015-11-26 16:00:00', '2015-11-02 16:05:00', 130, 10, 1, 1012, '426.00', '0.00', '0.00'),
(209, '2015-11-27 16:00:00', '2015-11-02 16:05:00', 130, 20, 1, 4447, '426.00', '0.00', '0.00'),
(210, '2015-11-02 16:00:00', '2015-11-02 16:05:00', 140, 10, 1, 961, '426.00', '0.00', '0.00'),
(211, '2015-11-03 16:00:00', '2015-11-02 16:05:00', 140, 20, 1, 4224, '426.00', '0.00', '0.00'),
(212, '2015-11-04 16:00:00', '2015-11-02 16:05:00', 140, 30, 1, 4168, '426.00', '0.00', '0.00'),
(213, '2015-11-05 16:00:00', '2015-11-02 16:05:00', 140, 10, 1, 961, '426.00', '0.00', '0.00'),
(214, '2015-11-06 16:00:00', '2015-11-02 16:05:00', 140, 20, 1, 4224, '426.00', '0.00', '0.00'),
(215, '2015-11-09 16:00:00', '2015-11-02 16:05:00', 140, 30, 1, 4168, '426.00', '0.00', '0.00'),
(216, '2015-11-10 16:00:00', '2015-11-02 16:05:00', 140, 10, 1, 961, '426.00', '0.00', '0.00'),
(217, '2015-11-11 16:00:00', '2015-11-02 16:05:00', 140, 20, 1, 4224, '426.00', '0.00', '0.00'),
(218, '2015-11-12 16:00:00', '2015-11-02 16:05:00', 140, 30, 1, 4168, '426.00', '0.00', '0.00'),
(219, '2015-11-13 16:00:00', '2015-11-02 16:05:00', 140, 10, 1, 961, '426.00', '0.00', '0.00'),
(220, '2015-11-16 16:00:00', '2015-11-02 16:05:00', 140, 20, 1, 4224, '426.00', '0.00', '0.00'),
(221, '2015-11-17 16:00:00', '2015-11-02 16:05:00', 140, 30, 1, 4168, '426.00', '0.00', '0.00'),
(222, '2015-11-18 16:00:00', '2015-11-02 16:05:00', 140, 10, 1, 961, '426.00', '0.00', '0.00'),
(223, '2015-11-19 16:00:00', '2015-11-02 16:05:00', 140, 20, 1, 4224, '426.00', '0.00', '0.00'),
(224, '2015-11-20 16:00:00', '2015-11-02 16:05:00', 140, 30, 1, 4168, '426.00', '0.00', '0.00'),
(225, '2015-11-23 16:00:00', '2015-11-02 16:05:00', 140, 10, 1, 961, '426.00', '0.00', '0.00'),
(226, '2015-11-24 16:00:00', '2015-11-02 16:05:00', 140, 20, 1, 4224, '426.00', '0.00', '0.00'),
(227, '2015-11-25 16:00:00', '2015-11-02 16:05:00', 140, 30, 1, 4168, '426.00', '0.00', '0.00'),
(228, '2015-11-26 16:00:00', '2015-11-02 16:05:00', 140, 10, 1, 961, '426.00', '0.00', '0.00'),
(229, '2015-11-27 16:00:00', '2015-11-02 16:05:00', 140, 20, 1, 4224, '426.00', '0.00', '0.00'),
(230, '2015-11-02 16:00:00', '2015-11-02 16:05:00', 150, 10, 1, 1062, '426.00', '0.00', '0.00'),
(231, '2015-11-03 16:00:00', '2015-11-02 16:05:00', 150, 20, 1, 4669, '426.00', '0.00', '0.00'),
(232, '2015-11-04 16:00:00', '2015-11-02 16:05:00', 150, 30, 1, 4607, '426.00', '0.00', '0.00'),
(233, '2015-11-05 16:00:00', '2015-11-02 16:05:00', 150, 10, 1, 1062, '426.00', '0.00', '0.00'),
(234, '2015-11-06 16:00:00', '2015-11-02 16:05:00', 150, 20, 1, 4669, '426.00', '0.00', '0.00'),
(235, '2015-11-09 16:00:00', '2015-11-02 16:05:00', 150, 30, 1, 4607, '426.00', '0.00', '0.00'),
(236, '2015-11-10 16:00:00', '2015-11-02 16:05:00', 150, 10, 1, 1062, '426.00', '0.00', '0.00'),
(237, '2015-11-11 16:00:00', '2015-11-02 16:05:00', 150, 20, 1, 4669, '426.00', '0.00', '0.00'),
(238, '2015-11-12 16:00:00', '2015-11-02 16:05:00', 150, 30, 1, 4607, '426.00', '0.00', '0.00'),
(239, '2015-11-13 16:00:00', '2015-11-02 16:05:00', 150, 10, 1, 1062, '426.00', '0.00', '0.00'),
(240, '2015-11-16 16:00:00', '2015-11-02 16:05:00', 150, 20, 1, 4669, '426.00', '0.00', '0.00'),
(241, '2015-11-17 16:00:00', '2015-11-02 16:05:00', 150, 30, 1, 4607, '426.00', '0.00', '0.00'),
(242, '2015-11-18 16:00:00', '2015-11-02 16:05:00', 150, 10, 1, 1062, '426.00', '0.00', '0.00'),
(243, '2015-11-19 16:00:00', '2015-11-02 16:05:00', 150, 20, 1, 4669, '426.00', '0.00', '0.00'),
(244, '2015-11-20 16:00:00', '2015-11-02 16:05:00', 150, 30, 1, 4607, '426.00', '0.00', '0.00'),
(245, '2015-11-23 16:00:00', '2015-11-02 16:05:00', 150, 10, 1, 1062, '426.00', '0.00', '0.00'),
(246, '2015-11-24 16:00:00', '2015-11-02 16:05:00', 150, 20, 1, 4669, '426.00', '0.00', '0.00'),
(247, '2015-11-25 16:00:00', '2015-11-02 16:05:00', 150, 30, 1, 4607, '426.00', '0.00', '0.00'),
(248, '2015-11-26 16:00:00', '2015-11-02 16:05:00', 150, 10, 1, 1062, '426.00', '0.00', '0.00'),
(249, '2015-11-27 16:00:00', '2015-11-02 16:05:00', 150, 20, 1, 4669, '426.00', '0.00', '0.00'),
(250, '2015-11-02 16:00:00', '2015-11-02 16:05:00', 10, 10, 1, 1012, '426.00', '0.00', '0.00'),
(251, '2015-11-03 16:00:00', '2015-11-03 16:05:00', 10, 20, 1, 4447, '426.00', '0.00', '0.00'),
(252, '2015-11-04 16:00:00', '2015-11-04 16:05:00', 10, 20, 1, 4387, '426.00', '0.00', '0.00'),
(253, '2015-11-05 16:00:00', '2015-11-05 16:05:00', 10, 10, 1, 1012, '426.00', '0.00', '0.00'),
(254, '2015-11-06 16:00:00', '2015-11-06 16:05:00', 10, 20, 1, 4447, '426.00', '0.00', '0.00'),
(255, '2015-11-09 16:00:00', '2015-11-09 16:05:00', 10, 30, 1, 4387, '426.00', '0.00', '0.00'),
(256, '2015-11-10 16:00:00', '2015-11-10 16:05:00', 10, 10, 1, 1012, '426.00', '0.00', '0.00'),
(257, '2015-11-11 16:00:00', '2015-11-11 16:05:00', 10, 20, 1, 4447, '426.00', '0.00', '0.00'),
(258, '2015-11-12 16:00:00', '2015-11-12 16:05:00', 10, 30, 1, 4387, '426.00', '0.00', '0.00'),
(259, '2015-11-13 16:00:00', '2015-11-13 16:05:00', 10, 10, 1, 1012, '426.00', '0.00', '0.00'),
(260, '2015-11-16 16:00:00', '2015-11-16 16:05:00', 10, 20, 1, 4447, '426.00', '0.00', '0.00'),
(261, '2015-11-17 16:00:00', '2015-11-17 16:05:00', 10, 30, 1, 4387, '426.00', '0.00', '0.00'),
(262, '2015-11-18 16:00:00', '2015-11-18 16:05:00', 10, 10, 1, 1012, '426.00', '0.00', '0.00'),
(263, '2015-11-19 16:00:00', '2015-11-19 16:05:00', 10, 20, 1, 4447, '426.00', '0.00', '0.00'),
(264, '2015-11-20 16:00:00', '2015-11-20 16:05:00', 10, 30, 1, 4387, '426.00', '0.00', '0.00'),
(265, '2015-11-23 16:00:00', '2015-11-23 16:05:00', 10, 10, 1, 1012, '426.00', '0.00', '0.00'),
(266, '2015-11-24 16:00:00', '2015-11-24 16:05:00', 10, 20, 1, 4447, '426.00', '0.00', '0.00'),
(267, '2015-11-25 16:00:00', '2015-11-25 16:05:00', 10, 30, 1, 4387, '426.00', '0.00', '0.00'),
(268, '2015-11-26 16:00:00', '2015-11-26 16:05:00', 10, 10, 1, 1012, '426.00', '0.00', '0.00'),
(269, '2015-11-27 16:00:00', '2015-11-27 16:05:00', 10, 20, 1, 4447, '426.00', '0.00', '0.00'),
(270, '2015-11-30 16:00:00', '2015-11-30 16:05:00', 10, 30, 1, 4387, '426.00', '0.00', '0.00'),
(271, '2015-11-02 16:00:00', '2015-11-02 16:05:00', 20, 10, 2, 961, '426.00', '0.00', '0.00'),
(272, '2015-11-03 16:00:00', '2015-11-03 16:05:00', 20, 20, 2, 4224, '426.00', '0.00', '0.00'),
(273, '2015-11-04 16:00:00', '2015-11-04 16:05:00', 20, 30, 2, 4168, '426.00', '0.00', '0.00'),
(274, '2015-11-05 16:00:00', '2015-11-05 16:05:00', 20, 10, 2, 961, '426.00', '0.00', '0.00'),
(275, '2015-11-06 16:00:00', '2015-11-06 16:05:00', 20, 20, 2, 4224, '426.00', '0.00', '0.00'),
(276, '2015-11-09 16:00:00', '2015-11-09 16:05:00', 20, 30, 2, 4168, '426.00', '0.00', '0.00'),
(277, '2015-11-10 16:00:00', '2015-11-10 16:05:00', 20, 10, 2, 961, '426.00', '0.00', '0.00'),
(278, '2015-11-11 16:00:00', '2015-11-11 16:05:00', 20, 20, 2, 4224, '426.00', '0.00', '0.00'),
(279, '2015-11-12 16:00:00', '2015-11-12 16:05:00', 20, 30, 2, 4168, '426.00', '0.00', '0.00'),
(280, '2015-11-13 16:00:00', '2015-11-13 16:05:00', 20, 10, 2, 961, '426.00', '0.00', '0.00'),
(281, '2015-11-16 16:00:00', '2015-11-16 16:05:00', 20, 20, 2, 4224, '426.00', '0.00', '0.00'),
(282, '2015-11-17 16:00:00', '2015-11-17 16:05:00', 20, 30, 2, 4168, '426.00', '0.00', '0.00'),
(283, '2015-11-18 16:00:00', '2015-11-18 16:05:00', 20, 10, 2, 961, '426.00', '0.00', '0.00'),
(284, '2015-11-19 16:00:00', '2015-11-19 16:05:00', 20, 20, 2, 4224, '426.00', '0.00', '0.00'),
(285, '2015-11-20 16:00:00', '2015-11-20 16:05:00', 20, 30, 2, 4168, '426.00', '0.00', '0.00'),
(286, '2015-11-23 16:00:00', '2015-11-23 16:05:00', 20, 10, 2, 961, '426.00', '0.00', '0.00'),
(287, '2015-11-24 16:00:00', '2015-11-24 16:05:00', 20, 20, 2, 4224, '426.00', '0.00', '0.00'),
(288, '2015-11-25 16:00:00', '2015-11-25 16:05:00', 20, 30, 2, 4168, '426.00', '0.00', '0.00'),
(289, '2015-11-26 16:00:00', '2015-11-26 16:05:00', 20, 10, 2, 961, '426.00', '0.00', '0.00'),
(290, '2015-11-27 16:00:00', '2015-11-27 16:05:00', 20, 20, 2, 4224, '426.00', '0.00', '0.00'),
(291, '2015-11-30 16:00:00', '2015-11-30 16:05:00', 20, 30, 2, 4168, '426.00', '0.00', '0.00'),
(292, '2015-11-02 16:00:00', '2015-11-02 16:05:00', 30, 10, 3, 1062, '426.00', '0.00', '0.00'),
(293, '2015-11-03 16:00:00', '2015-11-03 16:05:00', 30, 20, 3, 4669, '426.00', '0.00', '0.00'),
(294, '2015-11-04 16:00:00', '2015-11-04 16:05:00', 30, 30, 3, 4607, '426.00', '0.00', '0.00'),
(295, '2015-11-05 16:00:00', '2015-11-05 16:05:00', 30, 10, 3, 1062, '426.00', '0.00', '0.00'),
(296, '2015-11-06 16:00:00', '2015-11-06 16:05:00', 30, 20, 3, 4669, '426.00', '0.00', '0.00'),
(297, '2015-11-09 16:00:00', '2015-11-09 16:05:00', 30, 30, 3, 4607, '426.00', '0.00', '0.00'),
(298, '2015-11-10 16:00:00', '2015-11-10 16:05:00', 30, 10, 3, 1062, '426.00', '0.00', '0.00'),
(299, '2015-11-11 16:00:00', '2015-11-11 16:05:00', 30, 20, 3, 4669, '426.00', '0.00', '0.00'),
(300, '2015-11-12 16:00:00', '2015-11-12 16:05:00', 30, 30, 3, 4607, '426.00', '0.00', '0.00'),
(301, '2015-11-13 16:00:00', '2015-11-13 16:05:00', 30, 10, 3, 1062, '426.00', '0.00', '0.00'),
(302, '2015-11-16 16:00:00', '2015-11-16 16:05:00', 30, 20, 3, 4669, '426.00', '0.00', '0.00'),
(303, '2015-11-17 16:00:00', '2015-11-17 16:05:00', 30, 30, 3, 4607, '426.00', '0.00', '0.00'),
(304, '2015-11-18 16:00:00', '2015-11-18 16:05:00', 30, 10, 3, 1062, '426.00', '0.00', '0.00'),
(305, '2015-11-19 16:00:00', '2015-11-19 16:05:00', 30, 20, 3, 4669, '426.00', '0.00', '0.00'),
(306, '2015-11-20 16:00:00', '2015-11-20 16:05:00', 30, 30, 3, 4607, '426.00', '0.00', '0.00'),
(307, '2015-11-23 16:00:00', '2015-11-23 16:05:00', 30, 10, 3, 1062, '426.00', '0.00', '0.00'),
(308, '2015-11-24 16:00:00', '2015-11-24 16:05:00', 30, 20, 3, 4669, '426.00', '0.00', '0.00'),
(309, '2015-11-25 16:00:00', '2015-11-25 16:05:00', 30, 30, 3, 4607, '426.00', '0.00', '0.00'),
(310, '2015-11-26 16:00:00', '2015-11-26 16:05:00', 30, 10, 3, 1062, '426.00', '0.00', '0.00'),
(311, '2015-11-27 16:00:00', '2015-11-27 16:05:00', 30, 20, 3, 4669, '426.00', '0.00', '0.00'),
(312, '2015-11-30 16:00:00', '2015-11-30 16:05:00', 30, 30, 3, 4607, '426.00', '0.00', '0.00');

--
-- Indexes for dumped tables
--

--
-- Indexes for table `DELAVEC`
--
ALTER TABLE `DELAVEC`
  ADD PRIMARY KEY (`DELAVEC_ID`);

--
-- Indexes for table `DELOVNI_NALOG`
--
ALTER TABLE `DELOVNI_NALOG`
  ADD PRIMARY KEY (`DELOVNI_NALOG_ID`);

--
-- Indexes for table `IZDELEK`
--
ALTER TABLE `IZDELEK`
  ADD PRIMARY KEY (`IPS`);

--
-- Indexes for table `IZDELEK_OPERACIJA`
--
ALTER TABLE `IZDELEK_OPERACIJA`
  ADD PRIMARY KEY (`IZDELEK_ID`,`OPERACIJA_ID`);

--
-- Indexes for table `KUPEC`
--
ALTER TABLE `KUPEC`
  ADD PRIMARY KEY (`KUPEC_ID`);

--
-- Indexes for table `NAROCILO`
--
ALTER TABLE `NAROCILO`
  ADD PRIMARY KEY (`NAROCILO_ID`);

--
-- Indexes for table `OPERACIJA`
--
ALTER TABLE `OPERACIJA`
  ADD PRIMARY KEY (`OPERACIJA_ID`);

--
-- Indexes for table `OPIS_IZDELKA`
--
ALTER TABLE `OPIS_IZDELKA`
  ADD PRIMARY KEY (`OPIS_IZDELKA_ID`);

--
-- Indexes for table `STRUKTURA`
--
ALTER TABLE `STRUKTURA`
  ADD PRIMARY KEY (`VGRAJENI_DEL_ID`,`NADREJENI_DEL_ID`);

--
-- Indexes for table `VRSTICA_NAROCILA`
--
ALTER TABLE `VRSTICA_NAROCILA`
  ADD PRIMARY KEY (`VRSTICA_ID`);

--
-- Indexes for table `VRSTICA_OBRACUNA`
--
ALTER TABLE `VRSTICA_OBRACUNA`
  ADD PRIMARY KEY (`VRSTICA_OBRACUNA_ID`);

--
-- Constraints for dumped tables
--

--
-- Constraints for table `DELAVEC`
--
ALTER TABLE `DELAVEC`
  ADD CONSTRAINT `VODJA_FK` FOREIGN KEY (`VODJA_ID`) REFERENCES `DELAVEC` (`DELAVEC_ID`);

--
-- Constraints for table `DELOVNI_NALOG`
--
ALTER TABLE `DELOVNI_NALOG`
  ADD CONSTRAINT `KUPEC_FK` FOREIGN KEY (`KUPEC_ID`) REFERENCES `KUPEC` (`KUPEC_ID`),
  ADD CONSTRAINT `OPERACIJADN_FK` FOREIGN KEY (`OPERACIJA_ID`) REFERENCES `OPERACIJA` (`OPERACIJA_ID`);

--
-- Constraints for table `IZDELEK_OPERACIJA`
--
ALTER TABLE `IZDELEK_OPERACIJA`
  ADD CONSTRAINT `IZDELEK_O_FK` FOREIGN KEY (`IZDELEK_ID`) REFERENCES `IZDELEK` (`IPS`),
  ADD CONSTRAINT `I_OPERACIJA_FK` FOREIGN KEY (`OPERACIJA_ID`) REFERENCES `OPERACIJA` (`OPERACIJA_ID`);

--
-- Constraints for table `NAROCILO`
--
ALTER TABLE `NAROCILO`
  ADD CONSTRAINT `KUPEC_ID_NAR` FOREIGN KEY (`KUPEC_ID`) REFERENCES `KUPEC` (`KUPEC_ID`);

--
-- Constraints for table `OPIS_IZDELKA`
--
ALTER TABLE `OPIS_IZDELKA`
  ADD CONSTRAINT `IZDELEK_D_FK` FOREIGN KEY (`IPS`) REFERENCES `IZDELEK` (`IPS`);

--
-- Constraints for table `STRUKTURA`
--
ALTER TABLE `STRUKTURA`
  ADD CONSTRAINT `NADREJENI_DEL_ID_FK` FOREIGN KEY (`NADREJENI_DEL_ID`) REFERENCES `IZDELEK` (`IPS`),
  ADD CONSTRAINT `VGRAJENI_DEL_ID_FK` FOREIGN KEY (`VGRAJENI_DEL_ID`) REFERENCES `IZDELEK` (`IPS`);

--
-- Constraints for table `VRSTICA_NAROCILA`
--
ALTER TABLE `VRSTICA_NAROCILA`
  ADD CONSTRAINT `IZDELEK_ID_FK` FOREIGN KEY (`IZDELEK_ID`) REFERENCES `IZDELEK` (`IPS`) ON DELETE CASCADE,
  ADD CONSTRAINT `NAROCILO_FK` FOREIGN KEY (`NAROCILO_ID`) REFERENCES `NAROCILO` (`NAROCILO_ID`);

--
-- Constraints for table `VRSTICA_OBRACUNA`
--
ALTER TABLE `VRSTICA_OBRACUNA`
  ADD CONSTRAINT `DELAVEC_FK` FOREIGN KEY (`DELAVEC_ID`) REFERENCES `DELAVEC` (`DELAVEC_ID`),
  ADD CONSTRAINT `DELOVNI_NALOG_FK` FOREIGN KEY (`DELOVNI_NALOG_ID`) REFERENCES `DELOVNI_NALOG` (`DELOVNI_NALOG_ID`),
  ADD CONSTRAINT `OPERACIJA_VRSTICA_FK` FOREIGN KEY (`OPERACIJA_ID`) REFERENCES `OPERACIJA` (`OPERACIJA_ID`);
  